Time,Amount,V1,V2,V3,V4,V5,V6,V7,V8,V9,V10,V11,V12,V13,V14,V15,V16,V17,V18,V19,V20,V21,V22,V23,V24,V25,V26,V27,V28,Class
769,3255.7340504842205,0.4819791390028944,0.9264563586203222,-0.8375813917631142,0.6771860655820995,1.8723191173207203,0.3963739400644419,-0.6256162952329317,-0.5224614795325828,0.013033899766550932,0.37776959197309157,0.06282459973318241,0.5015963653461725,-0.1469453929203728,0.18062297374021988,0.9648105823284351,-1.064831152863006,0.10871179962738556,0.10576364702776062,0.9206667157130712,-0.22672245554936182,0.6530483110497608,1.1026874654627117,-1.8498029371642315,1.1686312434505337,-0.9853817971256873,-1.093940409068474,-2.879456893472376,-0.8031776650126476,0.0
860,4574.8834180433605,-0.004856944651029909,-0.38332330626590333,-0.46252686020175215,-1.112497354329448,0.8672294989764441,0.9584138362132985,0.4181185219555865,-1.8865280457856384,2.2733451580174817,0.14697465045721628,0.5396092015836658,-1.4982956373719307,-0.011443447469728663,0.41335408762364534,-0.14089855446735033,0.8721618593534538,1.30034514799654,-1.343523764067433,0.8501205821238573,0.39433995146482975,-0.004695994673559281,-1.5708119835276153,1.4798487751985527,0.3967742812711289,-1.7832510621655238,-0.24313446040701553,0.32722338636586623,0.5065753016725318,0.0
1016,4250.342850371207,-0.1276047942813745,0.34159080594871644,2.1188862122299916,1.5465367554715088,-0.9495190451788583,-0.5968973315627526,-0.11120399981026909,-1.7490694341716135,-1.3414034979461644,-1.6216946209434833,-1.147719972825,1.389602828146591,-0.8552405188798108,-1.027061758935597,0.8828376605093898,-0.44930438609578205,0.41863946917260186,-0.7281792493633337,-1.8018879690065603,0.4677170774981168,-1.5514339440906522,-0.5104932195775956,-0.7329511350437232,0.19534647254697282,-0.5559448977746174,-0.1277348284638858,-1.560557072437269,2.0003480891061036,0.0
2568,2247.8039200168787,-1.2001317377301632,1.201380444217691,0.14983371633959786,0.14090736807132184,0.3544195851196624,-1.8803125884525564,0.9663920019724169,-0.5109444672869622,1.2103986331366388,-0.1512359654922292,-0.37452155909046975,-1.2912161131361828,-0.7655093658073386,0.42231376166406454,-1.3079142996693751,-1.9905995495773638,-0.8575488856611007,0.840005376622429,1.7812910770263668,-0.6774156677147567,-1.548828679824092,-0.34312906410409816,0.18385551440955836,0.5778971350988347,2.1346412480074077,0.22684882198078649,1.6554616253789212,-0.46292542206364823,0.0
2695,477.95517233556615,0.08656581452255474,-0.5928827324603547,-0.6800043341179425,-0.2634058448672731,-0.2806548753408205,-0.6039759194977481,-0.5492529073643019,1.0967962544414038,2.1131121569582025,-0.49840662270644565,-0.3243954475673995,0.5246090006305091,3.187033338072969,0.08416352100792092,0.9726328668987912,1.5444748387077922,0.34406813140202236,0.9262325428850338,0.6078385403348046,1.0325127928278814,-1.0344023564856846,0.20428294200132874,0.48121772842812693,0.46705717272888814,1.1370174186334576,0.4468901447740677,-1.1449485200714016,0.5913161169279817,0.0
2747,1854.7204427391337,-0.8830786584795335,-0.6993780483964821,-0.41850888121043234,-0.11141877658159101,-1.543725402691896,1.1168934402016786,-1.1555159100894843,1.5701106220388537,-1.124951737832857,1.2819203803142016,-0.02842145759906684,-1.7164244459439717,-1.0429613936028512,1.3264716683190478,0.44864867405200504,-0.07873168366780701,-2.2167610544829093,1.3895663386149641,1.8704238978155172,1.6880170323689148,-0.6152452157694905,0.3827994671507864,0.49214103393666203,-1.5274526258344112,0.18049250549954757,1.0710415241175089,0.7644782353257112,-1.1111638127440977,0.0
3561,3344.537422065373,-0.8626151215655481,0.7905939894241456,0.6328524373827114,-2.2541586795176154,-2.4565931457733945,-0.07653206135154646,-0.5896528566871656,-0.29830122316370744,-0.41129059065981416,0.98402354456309,0.10356808444235,0.26763601416312477,-1.3423128265099935,-3.364095526463311,1.1235417816915165,2.143205188113887,-0.3425888682306461,0.2493145416219552,0.324518316374555,1.67529324966822,0.8889842942771533,0.4960642332258751,0.05557215694396702,0.060232921489092164,-1.4394615966337305,-0.3834875261947617,0.8862019661293755,-0.23370317931400506,0.0
3890,3329.9458607308657,0.04435055749906732,-1.1761274779890711,0.4455069012813843,-1.461756656035722,0.289882811537126,-0.18722495634881406,-1.7432852472117588,1.0694779520408695,-0.16386526346296804,1.8607780541191659,1.4782521148224634,-0.8794678402467568,-0.7917199786555795,-1.1719768544504452,-1.5864636184263343,-0.4221771749509968,1.4437472096857615,-1.9149073696095222,0.8519444675646848,0.768339454305004,0.5546927942236286,0.7331733647443522,-1.104221788547133,0.7615718412975966,-0.5492581815410705,-2.4591933620785484,0.05741294775637079,-0.8441077324087467,0.0
5258,2956.897640750928,1.3588166333327287,-0.28634651616591955,0.045607839925595056,0.3891795761445395,-0.2674006378833793,-0.10384111742999894,0.8435740227803442,-1.0663214782399686,-0.7018134425276003,-0.9671110546009667,1.4367546725495532,-0.7016999770078298,-0.1432832587170799,-0.600604681249585,-0.30817795327478703,-0.7374294664767825,0.46272431364111877,-1.0408501532798962,-1.352450554909997,-0.5584203694327604,-0.798235218031533,-1.3378448238083782,-0.3233727990032017,-1.6601174205563334,1.7277476274342591,-1.492601364415693,-0.6462994993007489,-0.4035549568469109,0.0
5311,1374.3342431573308,1.6846849646056212,-1.730315310424178,0.14205009191756815,1.037158464944625,-0.3097431034826053,-1.1698170321710093,-0.10798496435305859,1.5271012598924771,-0.6157858447677114,1.4361834680777659,0.25866691201021697,1.232514211736251,0.21868309227614088,-0.4843756919693036,1.638859986373953,0.22523535280560358,0.16642953580316122,0.8075556316054292,0.924152383085535,0.8128564642380991,-1.3507219529415064,-0.6372355320758775,-0.6565289514688174,-0.7790802292478753,-0.872103765403559,-0.6710239111506955,0.33594874285416065,0.49440928724982885,0.0
6265,2806.655885812658,-0.0016359666440979017,-0.42603233856441963,1.2754632486536202,-0.0915660606498374,0.9370725203151783,-0.5693261305487777,0.4137127999520743,1.3420885043059152,-2.6087880096843756,-0.6550852838240782,0.5937421758412117,1.2128150736826853,0.20311354794650627,0.04957272929940446,1.6105784632233002,1.2739933905888188,-0.8685819370476995,0.11641098012075705,0.36016900213551517,1.7185993740136862,0.8660705160427983,-0.10357609990162352,0.22007432880362104,-1.8838834892338936,0.9686284846273447,0.6457327887232475,1.2121564332251018,-0.14404929827451984,0.0
8571,1915.2514468941954,0.12804106855846054,-0.4813383492797253,-1.1480549061557412,-0.6022562028821763,-1.8193004495299292,0.9146055155940844,-2.174882502653097,2.032142525959219,-1.764126899300082,1.4998886756751972,-0.908054043570438,0.5610330674710605,-0.7524467003268688,1.6737481593913828,0.0437026680842737,1.0736820120987525,0.07604803989638514,0.3529599755389019,0.6161066540197494,-0.5287239854997043,-1.2802911282352558,-1.3016033257419999,0.05084256913615562,-0.4886400853880804,-2.145856759849942,0.5129412507914956,-1.2184896412865855,-1.1603250252693058,0.0
8792,4858.588764850129,-0.041626034286924164,-0.9001156580739134,0.12250549833951899,1.9734608916025578,-0.37905764618232096,-1.0595791462166488,0.18150697762731,-0.7752317936676876,0.023751481997746904,0.3156359766812387,-0.03519693846248355,0.05655894958916795,0.19209038063264924,1.5971127225208108,-0.2529193041069949,0.12743440666809006,0.866849063342143,0.47103683141802105,-0.3582092004907793,0.9018634370178872,-0.8712468811149293,-0.22674942729822584,-0.7710865405044399,0.5761745994711011,1.1895997812847487,0.22333615869635526,0.07526594592918776,-0.8750086674580759,0.0
9268,4244.720207506153,-0.7025511171201643,-1.1932601156384257,-2.1766813892721824,-0.3910340012304918,-0.29810526935296516,2.1728422953733055,1.5628135662081106,0.5556402396335344,2.0844772305415638,1.3909034961852749,-2.007568021362774,1.0674561722347518,0.7114542651948267,-0.28937794713269144,-1.4152025195175149,0.5954011357104231,-2.0791277229744964,-0.021474962374660032,-0.6170904082868751,-1.2588420415521953,1.1888010076522058,-0.04130843058077276,0.1739663291695697,0.9078719472424277,-0.008790556303355637,0.4514111986474981,0.8158516204890898,0.5667559269188263,0.0
9692,3608.925876303201,0.28598016618828376,1.7831128353750567,1.241970598009856,-0.08576316923283368,-0.9096929501484529,0.6386236498376441,0.21586064818900524,1.7089956631888337,0.9874930057007224,0.764204388001908,0.012951537954094748,-0.8756987416672425,-0.19796296870131533,0.47682809432411033,-1.7295800930091456,1.241713959652344,2.0670440017513796,-1.9449392903707496,-1.4002155510135357,0.22966246423314007,-0.582580915634934,0.2609064338316734,-0.07167403655743708,-1.0238185194890543,1.2884063401784895,0.46451660524284916,-0.559741974728272,1.505025114660821,0.0
10627,1180.6886138250297,-0.5084059548937526,-1.2418405167055335,0.1835118230877355,0.3531576232226657,0.5319168922188459,0.6963511266524872,0.5161247285776908,0.4754936414491742,-0.5737538003081647,-0.6807442745705536,0.7423649162591182,0.2434565106998877,0.8202457394862555,-1.7072771556275985,-0.5007863824175939,1.9070189019105557,0.5525331523474403,0.29555045097915267,0.7079243669696743,2.2084505258661813,1.998049542287028,-1.5795207573125938,-1.2105011590693684,-1.613410655550792,-0.7471078889402628,0.054919298652257045,0.24201514406779656,-1.5304787431872526,0.0
11394,1281.0855454838586,-1.8673518263691093,-0.7647913869554506,0.9161712656046209,1.0903629116936455,1.7058248593376857,-0.032330250925114046,0.8281534903901053,1.0098949610496601,-0.4968590326726214,0.38784488153046615,0.6587051257097538,-0.9091576170851242,1.6420961711074433,-0.03881228272002653,0.08703522814667258,-0.9473413799421244,-0.7794261958775333,-2.196514600832009,0.05515587641861207,2.5056892096419725,-1.0186194481044872,2.9761969281549727,1.4142512626124135,-0.47358878097710866,0.027264704818878514,-0.13510030791493735,1.7061639733977114,0.5170157301179603,0.0
11534,203.1275141026183,1.1819740486218142,0.3581718453613483,-0.11197252059461717,0.3264233650707143,-0.40694423387208134,-1.4522040434708976,0.8136885759566508,-1.5011644483430868,-0.2688341767951755,-0.43986428761541757,0.6433539310540702,1.564704584933529,1.2049706473007482,0.672425018895093,-0.629871645620782,-0.18346915359646365,-0.329273707055818,-0.4702814467294437,-0.4024511086268375,-0.42913803506759063,-0.4734261927004959,0.9518830180285539,-1.0546368888660922,-0.7294741023038305,-1.583406721039512,1.415482802510849,-0.796502958657587,0.6607752317221405,0.0
12185,3553.603785539251,0.4753188602123068,1.318838621090771,-0.21001669837509396,-0.9475397872859123,-1.5557499758716284,-2.7846356447821003,0.16135322587890272,0.7754725724889143,0.4716881051978408,-1.5297643031728079,1.038826145111929,-0.6982160283153525,-0.9069034941417542,-0.7206322353031837,0.07840892250607703,-1.4847015715170722,-0.03703591371911794,0.42944824538366944,1.107323896243615,0.17595665722124415,-1.3396284981937914,0.1488902276522236,-1.06025827394612,-1.1179451563669505,-1.362703603539979,-1.911253679894024,-0.567163167935395,1.1288887430469075,1.0
12666,555.3432132383448,2.256484015427542,-0.5735851583400942,1.0861055267696555,-0.39458231823659495,-1.6507357194485612,0.7009422614460771,0.23481408679556656,1.8180196079611155,-1.534678481982756,2.796032708335277,1.591717323188156,-0.01792357356185398,-0.29863779179851796,-0.7158098688686174,0.10973263918779284,-0.18393615540897848,0.5137954135806112,-0.29436666101830583,1.4149636914966628,0.12504603116644689,-0.2568170279257321,1.0242865817793902,-1.6225236301977521,0.3409883522771337,0.025571336409433494,-1.4108505304057828,-1.7085032795685076,1.0103450029415777,0.0
13986,2197.243172826985,0.9627906903506936,0.17255842963435913,1.716657776454724,0.4409681818612688,1.2498053194112153,0.42032458718452065,-0.2758095656019917,-1.0575312514333424,-0.6034362549027628,-0.25712227124721837,1.3631531021067052,0.7699195585296634,0.3303190682426161,0.8700099075640746,0.5273837156924824,0.26193761110682645,-1.4986594015069548,1.1391575728616767,-0.45851184752647606,1.0885402776225443,1.1852102915108895,-0.6700391935553467,0.9497160805959376,-0.36098747925589836,-0.3550323276467242,0.2574732345826578,0.2844725891695404,0.03855151535089184,0.0
15795,1009.3942924746456,-1.3342880155559567,-0.12144663948433945,2.2784787281884062,-2.784004228802022,0.8697404402284128,1.0571249333563086,-1.358347719286152,-0.4694389134095461,-1.0007171579433447,1.853965377311879,1.1030252667777827,1.1514253744647323,0.1206472259947952,1.3120919497496433,-0.00823656706207814,1.3591576272105579,-0.14869642411222042,-0.6792419167134393,1.8109502663319434,-0.0208487606651363,-0.8987999082424641,-0.9096338974899724,-0.9065786730190407,0.8444423510293687,-0.09886287704521571,2.2979589759970827,1.1861781823241206,0.25713813009397124,0.0
16023,4478.922214771924,1.403897541198283,-0.4955073364694836,-1.8547858041593057,-0.9895830575747401,0.14720782936960267,-0.22254147217114004,0.8244153882574605,-0.12461378134346948,0.748034725961725,1.5009716305642897,-0.1276958506107716,0.5551452887111212,-1.754786840575234,-0.12389397874055913,-1.2319581257460215,0.145226777129347,0.23599975667733084,0.23267635791379443,-0.48012258979629335,2.2984688617348334,-1.2680215116430682,-1.3291458271615162,1.654978375736585,-0.7042791305898932,-0.9446906875364303,2.3029118977231127,0.9857227168235637,-0.5944645481382219,0.0
17159,2377.375745687377,0.21750790569356104,1.945871284827684,0.6916206809508675,1.2861484551064426,0.8048031787338052,0.9302533459535411,0.039741695910427206,0.011348478976219248,0.26705038534845366,0.7344528074503005,-0.2833153158326134,0.12205393450300478,-0.3103456159559854,0.11568482199452929,-1.250996330981847,2.6059774669595184,-0.7329401187788761,-0.36146072475943114,-0.8192643935548025,0.6157087491645401,-0.19600263124233117,-0.9638075100972179,0.6568833662243427,0.7916491479227911,-0.06687632447726692,-0.6636259513820769,2.1910660055597173,0.34006763052523103,0.0
18431,2816.814584309942,-1.2740689849533238,1.4140404610027681,-0.8557747494125713,2.7418783402699165,0.07965785752758668,1.0133160360553535,-2.080017560846901,-1.284140884089963,1.3338596197607149,0.3178150656291369,2.0423964227140727,0.48517510522958907,0.1452962397410396,1.7135739908222054,1.0101369992254443,-0.19626119927628935,-1.094104100498447,-2.371615664765494,-0.43766566980270516,-1.186335095221372,2.5977046432343838,-0.6503709440700268,-0.6777090056250449,-1.5212448745886455,-0.2663173285227033,-0.6645349296422126,1.7377294287444596,0.16847615941498456,0.0
19457,3477.8849160442114,-0.008864022656377504,-0.13467275408259782,0.7861749201892023,-0.4523281656345007,0.6672060935318382,1.6139698207274442,0.4600750102996468,-0.24973128282513507,-0.9534591709719014,-0.27512398634707436,0.563078873972571,-1.5325273419173213,0.8315427577092825,0.2076126882280645,-0.1491891597587188,-0.6594134114510023,-0.47637770096936727,0.5973060414653077,-0.12821152609511072,-0.5011399672785699,0.4685634933715225,0.5081897774921301,-1.2491750613240478,0.5714806965769847,2.501698212860443,0.4696207893755043,-1.6990072048436677,0.177375391839546,0.0
23247,697.5179405749726,-1.8308153741936848,3.1673716720641596,2.235674686984474,-0.6659384827953962,-2.245667198993836,-0.8783711870927843,-0.18099073893972362,-1.7618637420397385,-0.06902251499622762,-0.18757866427025166,0.12515469706288854,0.22964517693797995,-0.9656175998771516,-0.8534140397496542,0.04559216447004996,-0.6309921298739474,0.9074947684172557,0.035894549767699735,1.865003233997474,0.8204824382712258,1.103713869390598,0.13256606796478587,0.15736150129029647,1.731320579909177,-0.37829288353702933,0.5467793541652396,-0.2662375321614578,-0.26863605838730287,0.0
23483,3022.4824790098082,-1.16889626574172,-0.7425143508569407,-0.9282694514164505,0.5943688089231695,1.0402059282236624,-0.09475337357840248,0.22962793016365324,-0.1524713551050962,-0.810775919892985,0.8622630247968789,0.6525346937594791,-1.8925459853039637,-0.28310900123525357,-0.8820273412074283,-0.39093856966522517,-0.6704315670462594,-0.046420370741399854,-0.329914735133474,-0.351140693820839,1.1073884283387134,0.5571786606692488,-0.7038946503004336,-0.555546732813421,0.4917930553996126,0.49041957170276645,-0.603780239062069,-0.23399066690216466,1.8468060400869681,0.0
23897,2699.665615417064,-0.5865480885213431,1.9108045884587852,1.103666942525805,1.7254162750554658,-0.6290719720694289,-0.16855587406276104,-0.4491638087755629,1.1267531919262028,-0.5676837726720896,0.7312154933428736,0.678299411192041,-0.048029530714176684,1.2986597341643356,0.1076798697266051,0.834085718608303,-0.4947033689177825,-0.7234368141068251,0.731145529257608,0.43084024433374835,0.24330766412836574,-0.3436883479377835,1.549209476526304,-1.116585804253847,-1.171343009730972,0.9421665051638289,0.8600963841430697,0.3537627789918679,-0.2879522219028064,0.0
24300,1016.1030624491123,0.5024221291904121,1.720830297119534,2.515546207874225,-1.6564137054751564,-0.41892011924854655,-0.4817732629848396,1.626519471699682,-2.4812949865652016,0.513835193065546,-0.2568103084190336,1.6381127495476404,1.5010388400044603,0.3655067348266927,-1.5797230707117969,-0.5738894823351331,-0.46439107661373846,-1.3264547944534648,1.15458428185937,-1.453426497274406,1.9653275084537123,1.9628226340454584,-0.38506026185950626,0.32849537012981606,-0.0722834780704241,0.9018248003616903,1.2746773385647592,0.25799699212006616,0.46911670978106274,0.0
25658,4714.324999219347,-0.6206042639395163,0.4367139668903384,0.1627620789239809,-0.9117944887513568,-0.014037109343111222,-0.3831825179860731,-0.6094955818180586,-1.146491207599568,0.06250273324947596,-0.7804740063253436,-0.47110817230269936,1.075124275217289,0.6321161012683779,-0.9787666478612534,0.3518910679064361,0.13278069826415523,1.7016962085334608,1.3831450008722745,-1.5337487257098361,0.861127668958601,1.265197251623699,0.5593592087283311,-0.3354121436941908,2.4133939151171364,0.6514092809270224,1.9765442737282277,1.3514784294735072,0.46413466022330374,0.0
26854,2994.7284669761916,-0.5797009114736275,-0.024104878152501334,-0.2219124527935532,-1.21451895564927,0.650281574959703,1.567353001959409,-0.2983034945514468,2.163656499224737,-1.5575827858617337,1.0543635483872036,1.67152023540541,-0.20403058098106056,-0.18605650514288088,1.0427651758444012,0.5059911099595346,-1.9974113434595069,-0.8433731545393808,-0.013549548047459737,-1.369698179685067,-0.47417431642990365,-1.3446854252439342,-0.37017063055339033,-0.3366227273211608,0.35175467659371346,-0.09175932399950061,0.5027897210407561,0.38354400747392153,1.0313399942643104,0.0
28693,3474.229880265483,0.8737830409601158,0.7681238351347166,3.1048674284667217,0.3474026366423288,2.5935715038588616,0.41221840224393347,-0.08285091480589193,-0.37316518221319706,1.5097257984484294,1.640503392887938,0.599783855964729,1.1335467745027057,-1.2772204659230832,-1.5487798225122118,1.2463268857974537,-0.12681149790302182,0.7493024173975029,-0.7172879499560781,1.6569884697047754,-1.5404186718890363,-1.3855850864826886,1.4443115837123448,-2.6098417929829005,0.3785688680949161,-0.10732599559657671,-0.7359519192000298,-0.19993984859036878,-0.8475234930898101,0.0
31551,4402.458727237274,1.5422559460484992,1.8044970883616096,-0.6857375867883446,0.2755248774685312,-1.3250764709360472,1.0730521590031268,1.0470091746433143,-0.29526223270768964,0.01688505841989535,-0.09376544952267094,-1.6184578336802757,1.546004147600127,-0.7669532388824308,-0.7601492722579212,-0.150419854461833,0.9955485853622786,-0.5913032150920309,-1.9521852214034443,-0.886998060729534,0.4241404190789904,2.189750287809187,-1.2599199663731557,-1.296501767480829,-1.5125955008388159,-1.636724991299341,1.2056914600814304,1.4946885753643797,0.1777558935804024,0.0
32606,3122.1458866208322,-0.4677127721408569,1.791143786862626,0.17390804165650472,1.0894367093604342,-0.5164489417218157,0.044243854223773756,-1.2373416454470463,0.6292489718935849,0.19093775077331573,-0.8945632324137842,-0.8811071495264614,1.6159585033387436,1.9716687504618164,-0.21313533666732123,0.06775357276216261,0.40011447464821703,0.14803175815968717,-1.6742977205386302,0.4278706771903861,-2.0878890346006087,-0.7326841912576191,0.5054271466248177,0.5999942079248373,-0.81007308420949,-0.45843694018691766,-0.5938365089984536,-0.10284416313606999,-0.026794346635663536,0.0
33159,1478.8727955027323,0.6684681295291105,-0.5168968628897835,0.37339619191355516,0.5070157644871914,0.1982893773718653,-0.2596058224494745,0.1806454642754404,0.7517402733935762,0.8391848677163122,1.815372684826906,-0.9900262363062616,-0.44000739099540254,-1.613468660268402,0.931009464327855,-0.3345075063567468,0.20619098202932656,-0.6043385694466398,-0.3267039949778253,1.2231901054266583,0.6942334104859834,-0.11152205765894566,0.767813919476397,0.789900080037874,-0.39142551668673525,-1.4690795606362084,-0.8991616270020392,-1.340528603382517,1.1644346459929071,0.0
35773,528.3658048915228,1.338115216447681,1.5863738801590164,-2.0195555489771686,1.0714009103737214,2.2121913093846852,1.1119877138106449,-2.1512296178706696,1.7682983083967718,0.04168903713194141,-0.23239910650047158,0.45109529658297826,-1.0490069225704863,0.002782370921578945,1.6204296451040736,0.6223968705232881,0.058401472102668064,0.08960815992760873,-1.1813939832988014,-0.14998789139972546,-1.6342953356297674,1.0224409523938105,-2.1857104824753426,0.85490037962071,0.9794109008340617,1.3187646157271942,0.08685916316180281,0.9166284661575291,-0.15974664036521616,0.0
35920,2283.2163178440683,-1.1866971176879335,1.530732392537995,-0.09688582961507466,-1.4095113174731944,-0.46681494578978205,-0.4273246825681713,0.46169691812421204,2.347047483372731,0.5224186132825649,0.2068438519965253,2.455776199562555,0.9788935399127254,0.2542492041349285,-0.479411858818095,0.31620007620456086,-0.06639040409313654,0.09143412755899637,1.3144024247694728,-0.5403221831374881,0.5135407081635137,0.948939989837594,-0.6621125168244095,-0.822621415489101,-0.15034192258090356,-0.4616295902564609,1.152332608741504,-1.0017682785646547,0.06847136852867004,0.0
37065,1092.983745646951,2.546048333404475,0.4130565337861825,0.5792901443048852,1.1606824956971251,-0.4629490654253594,-1.0814196287454039,0.17651127616274478,0.2654038283485373,-1.6182107947131612,0.37507191468277773,1.069850498701039,-0.9129480730240093,0.4355558483748133,0.8922636603701339,0.5866782085300805,0.6810062387415571,-0.24480024180630117,-1.127504337740596,-0.44714646238391303,-0.5860571018706248,-0.08025904620754583,1.0932709054599299,-1.3118401281641687,0.14425002281739083,-1.0634016455178528,-0.7400469178227713,0.5587407526118416,-1.1899450533656992,0.0
37194,2083.1332294039607,0.7342442897029785,-1.352164446624725,0.66698040343816,-1.549531269578512,-0.6178126792566155,1.8964943831295615,1.7085463697668863,-0.4125246525171453,0.3899605860299014,1.204068018884884,0.6812961744204711,-0.2734642464548241,-0.7486353140363331,0.8681031429579297,1.1307033086145013,1.715701834394388,-1.687249423453071,-1.2531247882010523,1.1619236021470807,-1.5515305467501768,1.2385499549119328,-0.2149325059853921,-0.5209138193366847,0.20542859627146925,-1.3453684522354987,0.8240148305983517,1.6896369976946968,0.8705762158142415,0.0
38044,4416.518014335423,-0.24650869255414082,-1.538035707765441,-1.499587456202933,-1.3296433022393077,-0.012278277112317357,0.11340006327260466,0.8684435107409955,-1.7960289864830756,1.3112102303923998,0.6944063189453711,-0.32683629306213485,-1.1897615417321001,1.2491406416911188,-0.300093961237384,-0.02001889934442878,0.38361197078793213,-0.9131989057816112,-0.28218057902524896,0.86531690202038,0.764096078496275,0.7731072066952375,-1.1551797511404318,-0.23658035072914094,-0.3963938350478049,0.42517884227470176,0.3356579896488977,0.15542733074293652,2.465733955419929,0.0
38660,1622.4007600053644,-0.2908060801440377,-0.4078230860685443,-1.156749670336056,-1.5378473259288705,-1.2203173772157754,-0.7186819254432798,1.3100730944378527,0.03916390436185879,0.19333066695273338,-0.09627330820209662,0.36530099302178864,1.4020721472178432,-1.993930836268036,1.2183373155853803,-2.515038452535007,0.028202711521927642,2.1919073547444152,0.680657939531544,0.37305893532063655,2.0019459668029733,-0.7030628980011439,0.4339674224650475,0.5781170974738931,-0.5224021342270257,-0.4341101794959805,-0.5437794332233397,0.08731497400856388,0.546691605771313,0.0
39099,611.3176855486661,0.1232302729146622,0.7094618174298554,-1.9691472859735475,-0.21825116374283668,-1.0234193103506461,0.30172251268289835,0.2869174286723232,-0.11562211495745531,0.5102790105320711,0.9978127182640276,-0.06052052230630854,-1.051694888099702,-1.581257570919481,0.03611017533012821,0.24186670151354087,-0.969523889519979,0.7257668231630326,-0.45895688582457345,-1.6564328651711504,1.2564363423451892,1.1439879192021631,-2.015599436663098,-0.5626002816536924,-0.6015836814142763,1.6394886594175027,-0.09929271004165632,-1.4958781980554177,0.8821047822408783,0.0
39504,1782.1328925467976,-1.230775545766081,-0.26034049072176124,-0.7697688778808768,-0.56045509827994,0.9372580895639391,1.5213301613321657,-1.2743687463793785,0.6260764255078172,-0.7327536296899959,-0.7016719100240756,0.4906362214227146,-1.027902765713695,0.47060260077504473,0.7301133565097351,-0.4325322616990184,1.3270781020136666,-1.272824612061507,1.345406190611672,-1.943987429485133,2.6997141404195095,-0.4062022386218326,-1.1623071563876177,-0.23267190851999858,-1.0464779426244284,0.38696529885454223,1.3676573314701472,-0.9934562260566775,0.5793992391740034,0.0
40397,4534.2353792872245,-1.5327353688957595,1.0329547332286124,0.41623636692759547,1.0761833213303202,-0.12234690264110538,-0.4351565978547518,0.8161174360573329,-1.3080485215584186,-1.7428243317335752,-0.0049619840400380874,-0.38959660685879244,0.553833331781546,1.091551424313997,0.533014079151139,1.0119033118267453,0.32105233333216393,0.4945957483210984,-0.11665720983227088,0.46504546101518207,0.16665282856351338,0.3251767965290638,-0.1667240330868389,0.8089292004712981,-0.7104525498349515,-0.018349020904106537,1.3117839002075757,-0.9487218229211253,-2.161845461752631,1.0
40757,1361.389114673792,0.36645716629797204,-0.2569544903534993,1.0108622403718392,-0.13051507989699376,-0.6043390715633118,-0.07581739581821335,1.0930685866132108,0.5753696271923753,-2.4339022565480346,0.18576749208677126,0.23576213240140492,-0.01824996520051934,-0.6108898915685892,1.1945318745064444,1.2440339481348617,-2.203160460825862,-0.7979594777414443,-0.14473065128572005,0.9485082037166699,0.034852876391766284,-0.6835938001649233,0.7095335773073748,-0.21133608555099248,-0.11740085915495976,-0.0271584334040762,0.5743084408384841,-0.3085496016737873,0.6869464926472221,0.0
40774,3238.8029125862704,-0.07306896840707273,-1.067016586417876,-0.03677630569544812,-1.015213403145215,0.04098678977594188,0.8294739292314663,-1.0736290060021147,0.36427340580443873,-0.8290374583532079,0.20170055991654703,0.8602042420204842,-2.1295130741100414,-1.1144758268713455,-0.3689794451099221,0.31504048918161526,-0.1663833293583238,-0.045880781980918925,2.0429845253512564,-1.2124572788492276,1.1354850163627703,-0.3499781271544168,0.5494747924987342,2.1289465557455998,0.688678023685426,0.3724957097899999,1.5991223351493755,1.1247986445931917,-0.7993940761614355,0.0
41090,3.6013645995837784,0.2945247424538556,-1.7174957341407595,-0.5401533883742511,0.3140529675998594,-0.6021053527812588,0.2733667459719246,-0.01338461565303896,0.5364167323950428,-0.4241990220281109,-0.9401489144367132,1.478126826173261,-0.4956967426899445,0.6600105931171182,1.435247026472536,0.16266999899753198,-0.8563065694431494,-0.17860997454734448,1.017540916606753,0.20624754573786294,-1.2051417922042769,0.5966438335337123,0.7695314690509986,-0.3553118861179337,0.6102443756047459,0.24501859546046723,-0.1974295386420392,-1.2935357435936636,1.0779538951057577,0.0
41606,1763.491712814511,0.7592109999198332,0.5838862943753126,1.5445260036780937,0.9451937270135937,0.6865660061515626,-2.213227348026831,1.1968949518024157,0.08308051428205071,0.31249168025713864,0.3193331896933858,0.7738327436422795,1.1221750288016852,0.6342411430592223,0.4752855893198915,0.23151273929557145,-3.351610516904678,-0.2875910194501882,-0.9415895173506456,1.2107395389390851,0.6190371982862937,-0.45813698721373425,-0.35771718226924426,-0.3939813633024213,-0.4118261543189197,-1.4445574435247972,-1.6612794932777677,0.029046772381743993,1.0753141393593546,0.0
43001,1524.6015095319872,-0.5376896974278628,0.30344475092404516,0.7342609171767251,-0.9933782055838566,-0.019975428719903078,-0.666520481273515,1.6061194918312938,1.5624595068621143,-0.9923428398748506,0.3858843830843258,1.0675993008124904,0.84832950037633,0.08156303498436555,1.3065574617643476,-0.9045146889894328,-0.30309294439469225,-0.877642419759575,0.7824934947006217,-0.5826368742994515,-0.17124917543708565,0.6176703682657487,0.698249913777816,-0.9071263462552507,1.0566552837727923,0.4556896686672513,-1.0817028395804014,-1.3277158957566129,-0.015819710262067736,0.0
44131,824.1146098615657,0.8500939893168088,0.8757158624009802,0.3561668772248425,0.04867483832682586,0.5117376690790052,-0.8553305143892584,1.6869878630253914,1.6739384181225205,0.4288123146206977,0.197300419992852,-0.4114209726593703,0.5287488457996609,-0.6913173710167768,-2.2236120309955307,-2.7141073004910865,-0.7994983331634866,0.15637812291827763,0.33197173395348273,-0.48675700850928494,0.1418351671429033,-0.274228357054531,-0.9993127576501374,-0.05374450896912518,0.8129571123656494,-0.9540617477463222,-0.953604613019698,-1.0692505939521582,-1.9365187345081158,0.0
45758,2670.9130074578343,-0.4802023741470187,0.714086112952531,0.1739160838337627,-0.16925088405630662,0.1290647982401689,-0.48898148742915815,-1.9478866372634722,0.7837187818145658,1.071124573784651,-0.7281567760677871,-0.1508356206065558,-0.23699917106016016,0.35128880942454155,1.6898934566262898,1.1597912452893056,-0.376914225413896,0.542463861500237,1.2543568685727127,0.408345164394778,-0.004699404440172449,0.4460000946671858,-0.7032715225634733,-0.557281124104081,-1.0640342352010974,0.3070645165702432,-0.13140290602223817,-0.8231180613480796,-0.16417941162050506,0.0
48190,2424.665026823557,0.46999826076317,1.914712305997992,1.0120678647038581,-2.28414785748234,0.2393084668203457,1.4293242627128546,-1.3378734912102326,0.5515592702124238,-0.23664218553104593,1.1502905309161608,0.40425719501345225,-0.8840154545592064,-0.20085147829061958,-0.14169567604762318,-0.12317821481004927,1.119262944775263,-0.8426199213902301,1.0030513096611837,-0.30224967592152013,0.22351110632916493,0.07237758628103405,-0.02180533808183465,-0.01360283444532232,1.457358558271021,0.8424499249061446,-0.3627156895799299,1.5827872541220913,0.2746810739928528,0.0
48555,3462.4877284184613,0.3576242593238943,-0.8373190793313915,-0.49749865840514007,-0.6885035079271756,0.08607286499367499,0.6387830794482092,0.3672322994222134,1.5880441560695817,-0.8877580052112352,0.11486904353888214,-1.2829393292982947,-0.9218709716032621,1.2645783773384636,-0.4631648664714657,-0.803363796060271,-2.129976875582947,-0.8133546477889175,-0.20528027419497888,-1.357402959786211,-0.26278338898246867,1.2706310606582234,-0.7073053403283327,-0.9433830493699357,-1.123901466865093,-1.1417640925158001,0.535577446888429,0.048668736883050644,0.9568568792755741,0.0
48984,1347.7922566588088,2.019837891654255,-1.830391131909148,0.3800787084417732,-1.1186193344335598,0.7888992980334508,-0.27191200107343627,0.027322760864173432,-1.283177427929808,-0.42642702511316743,0.08966225110825957,1.3560781468067082,-0.7945605274085543,-0.550691571530313,0.9442896421822814,-0.8593402836993107,1.1423851439741257,-0.009086574726255944,0.30312296159184327,0.3675223025093705,-0.6162205534066079,0.3898868194723952,-0.7723697843143003,-0.5021030040988799,0.5586909660332754,0.293393955641903,-0.07496495083904774,-1.2587316492630107,-1.00915828934963,0.0
51214,1221.383485716623,0.2767090439049846,0.732140563485116,-1.1096455045207572,-0.8398252474521676,0.13418517417771947,0.11278786262909331,-1.6239572087610412,0.16156301343998902,-0.5983678102302188,1.641046629728958,0.24919854273565617,0.4214734498759029,0.4473593021906108,-1.2139273806525643,1.9438768931086035,-1.6229112474511733,0.7957031416997422,0.6186639374806492,-0.47700237991295996,0.6664503167133892,-0.3175731988237379,-0.6754614448557782,0.46955916935292735,-1.006560991087902,-0.22425515875756974,-0.5941767487299575,-0.3359795095729449,0.4327285991301843,0.0
52995,842.2869198224798,-0.5943663723462062,-0.19232391307236457,-0.5031452519015814,1.4439966655745458,0.3426123982138901,0.22006963296671936,0.683418504623424,-0.5941345767748866,0.8592572249998405,0.34617774583274147,-1.5608909027540654,-1.4280308331007647,-0.5722970527840657,-1.3210064958651702,-0.23827846069958317,-1.013737991415864,-0.09772305307091878,1.4117093759314558,-0.049376903556185035,-0.30296445490192875,0.3882426477853441,-0.6964197929226035,0.8434143093959997,0.49521295312411195,0.03886556204856375,0.15431583163358636,2.041745910562852,0.942312210267868,0.0
53707,1094.6023336457781,2.199526631161334,0.5320301932924523,-1.4716914426706882,-0.26217370286384084,-1.7002048745480662,0.5283030346669183,0.7454041973454018,-0.8859159959592792,-0.6556363796468532,0.14875089623521523,-1.198104063264218,-1.273159769242533,1.2386320480411208,0.11471061816396835,-0.5581093577059559,-1.6921188885572191,0.8523513568944722,-0.6845182122169692,1.8606844458705387,0.8593100976934448,-0.808141854407269,-0.7154716971314717,1.7218511629443316,-0.08425944683450466,-0.5133112283233697,0.02772168847657001,-0.5179126500537902,0.24104847710816502,0.0
54886,2790.9519080846885,-0.07582362151826307,0.8755079805115086,-0.3885741032391265,-0.8848163666896469,-0.3489846966235856,-0.35508389822404607,-0.07753381519399347,0.6345402880572247,0.5799089674719204,1.1996586758585681,-0.8114896777335243,0.3887201230511087,0.7273198470207146,-0.6742204063118639,-0.207631052982379,-1.7499778742187968,0.906857695125735,-0.2154982023198693,0.8065641766809994,0.20604951787951314,-0.1851652289748735,-1.5928027993524858,-1.41495261071644,-2.5931461843417423,-0.5626134828286562,2.278248703181248,-1.2879473895179996,-2.631431883419906,0.0
55591,2019.777019119146,0.9626689195855317,2.363717869296701,0.2979210652598027,0.2887323947199601,-0.3098820736437513,-1.79425723051006,-1.4507119177434764,-0.3167533293985182,-0.5084553400297436,-0.11517292776994209,0.8293248239281591,-0.5818378319170209,0.8497167564046113,-0.57528970990277,1.0382395928657568,0.08636756707342344,-0.4358303409215121,0.06929406054888966,-0.29353884215756676,0.11313423767997162,0.7581061985174717,-0.08721559841564996,-0.3695688528537811,-1.1235162049108292,0.5791780192917145,0.3482722264027249,-1.181942850927521,0.835494277920761,0.0
56886,325.3963432977988,-1.1981840326023356,1.0292217912338935,0.6878633271870178,0.4196655225980695,-0.3769951591670362,0.5757797826664528,1.0763719952411803,0.5923519211081734,-0.6702500217262376,0.26740698235546406,1.132034986295036,2.199098180556703,-0.20521297449919623,0.8578831061314305,1.1344805200843187,-0.8124049989897638,1.7820783180614812,-1.0651846840834458,0.8089855150329761,0.305319779547066,0.055575559998159926,2.546833281448644,-0.30125523532680115,-0.3173455927286084,1.3314788073977952,0.7618037780867832,1.2820989209585543,0.11686938234111337,0.0
59150,1270.3231542577892,0.3169426170121629,1.9009356129945743,-0.8359540795806962,-0.10287704409166039,0.7982540714254448,-0.19586082008783778,-0.5701458792830355,0.6184845127865221,1.3358056664914943,-0.1408343628058571,-0.16858962081074902,-0.6476880256834309,-0.2959768434057342,1.0836060798301856,0.08106287069365692,-0.8049906609302881,0.26236238032366266,1.0511940109860407,-0.5618856635474287,-1.3286052195955633,2.1908251598727517,-1.3785293500432472,-0.3590225638557857,0.23212851185866967,-0.2724277012442913,-0.07491084465501871,0.5768381678745935,-2.3917216577127935,0.0
59735,1235.1334381301674,-1.2668944715238513,0.04425938607032916,-0.40421701197361,0.12941125827559766,0.2276532826313042,-2.115919995470992,1.2736403321516463,-0.4982678831003497,-0.8655131847760066,0.2083552959592792,0.10716022778224318,1.1966908176546378,0.27187316277001694,1.1581108480243003,-0.9381773754277055,0.14186105520749914,-1.1147477073248893,0.0976758555602795,-0.1142879556018855,-0.15729742520090303,-0.14852755236163276,0.7363894701845974,-1.6073596570025797,-0.8997878627841726,-0.040571826745175454,-1.1786630894712498,0.04611410620104406,-0.050852521241074776,0.0
60263,3481.825059926102,-1.4037566450525831,-1.4531651462542776,-2.6237882355492657,-1.220670049681913,0.014323258210599855,0.15618782294087746,0.2018995596284508,-0.7779188126673808,-0.018303484021489465,0.39724460924145283,-1.268035549501153,0.12332907439053986,0.6564812118350916,-0.4907721298228808,1.062234330349603,-0.46743434382496996,-0.8600608551230751,0.5568411785529204,2.033293769466457,0.0853536188878091,0.6349078041137199,-0.508717221097844,-1.2416162197960277,0.16626564590073342,0.32439997178791113,-0.35791109038116226,0.6310565180215059,-0.65408000981432,0.0
61228,3561.640679032286,-0.9020862658517421,1.060642930486165,1.0653476265416306,-0.6343431058356785,1.7188504904048219,-0.2871066925302493,0.08478286464395876,-0.08465254184842787,0.5237602174456797,0.2714214938009425,0.25796216158165786,-1.0195616317198861,-1.6885623167896844,1.142160028252862,-0.5454459989397435,-0.04903337343347808,0.32679890988978094,1.629009603349268,0.16135792464250795,-0.3947975629240973,-0.5235443812868572,-0.037356841241938624,-0.9093647696406127,0.02887572314901021,-0.05201968845801409,1.6415269486441515,-0.08360113859092103,-1.9244881610488498,0.0
61858,741.2865628370461,2.6735109703964786,0.9568337311560969,2.082348744095585,-1.1573199869844844,-0.22182678125629193,0.6744012414943192,0.5363913722844591,0.3069377073595517,-2.199610718500554,-1.7124394575643138,1.517520109063872,1.6953295328696896,-0.10665129143639568,1.390427474406382,-1.023227766143298,-0.7944260534686807,-1.1022803218631494,-0.8499195456886461,0.7226960095226193,-0.8623523730634445,2.239743039927865,0.460070606347438,1.0845270464950882,0.4899405828000732,1.214269650459279,-0.8679999995385472,1.446933538199557,0.14093888559143689,0.0
62592,4988.70468475966,1.209266110968739,-1.4395640533761842,0.18058320660836302,0.14523871678166522,-0.6192364649794415,0.3131188297472641,1.5396068480015146,-0.6961523589631211,0.9618543562049385,-1.1274230561465082,2.109444594642459,0.7846003184367084,1.7251173322585722,0.6720605190937674,0.39061317772936166,0.7929329404859182,-0.13644746335417146,-1.617833905558322,0.4473993464667924,-0.7555033345997547,-1.1016619153794023,0.63629316843861,-0.2791084748996939,1.0277044066056897,-0.7889407687590703,-0.4708289765138265,1.1502960263013935,0.2798426609976086,0.0
62955,1334.6382903621497,-1.4773280409061398,0.257760882860111,1.4812385485888035,-0.47857744462146706,0.5980576964529088,-0.849386915155905,-0.13678327496942902,1.0898355364504335,0.21923166775497352,1.2892698627156363,0.42530240422786164,2.218739677200842,-1.5649133692192694,-0.21719335006096485,-1.0845337932920514,-1.0162491744582494,-1.0071836938060397,0.16772582205122036,0.22630093482186714,0.4274559249951163,-1.1230605601445518,-0.3242248189982904,-0.9642946397563682,0.9358815562717159,-0.8702675501809736,-0.21371215199588148,0.5603064413231057,-0.6156286744975648,0.0
63704,4883.098164207432,0.6938784449806538,1.5960797355331489,0.18971172872552536,0.9016109145684073,-2.0734208889363828,-0.42905192684785065,0.1849008169289769,-1.0529650784003068,0.20764933540409175,1.0599405560591506,-1.8795606280100219,-1.1890728658038474,0.18481327076418536,0.4604197294400478,0.7380803749096508,0.11088947888776789,0.4615124050158089,0.9034807085406811,-0.41445810177032616,-0.608586086006421,-0.16850663093486837,0.1994879422774132,-0.6582734432013181,-0.393757316473212,0.39770177050729577,0.1577507810297153,-0.18533712281575823,-1.741069310062649,0.0
64820,2055.774029577838,-0.003507992008540084,-0.9700039675090428,0.9830827052059001,-0.30872115327850763,-0.9962320562225203,-0.06154327388004871,1.2706995850921912,0.630815849144619,0.21991715060593411,-1.3260950590468563,1.6216000997663216,-0.621627174035903,0.933783912872343,-0.3253628783514149,0.8375078724832392,1.3068740958752738,0.6481372699075333,0.7558549597599394,-0.09843898615563221,-0.43396614207281087,0.13829868978581025,-0.33991450576921695,2.467203710812492,-0.9923582864905137,1.002085216590409,0.5171968345390136,0.22987220812393777,1.4798860999138403,0.0
64925,166.22061376984138,0.29837745260117915,-0.6349069197424152,0.2917303772534079,-0.18317826890522865,0.5032846688166488,0.8130736316294986,-0.8590879423640695,1.1953361180028157,-0.2548998448684591,0.4436139226821785,0.6170301703206962,0.3673886906306303,-0.10910851765256904,-0.488597581992664,-0.26899450730334135,1.565171932528877,-0.8658664371290591,-0.7192433379629661,-0.7631488231437142,0.13575387991766508,-1.5247054499878059,-1.3535598561343933,-0.26095483295925803,-1.2877754452982377,-1.2062713092828017,-1.2802684093629393,-0.8466117091333288,0.7312465066704062,0.0
65697,1726.0111688853883,0.9557079561210825,1.9190008932186058,1.8823618585134785,0.7863127098804469,1.0276776748010317,0.13110209068591813,0.5198648520122691,1.9436030481831703,0.3712128680568303,1.1532385785452397,-0.9343516085785111,-0.6662387242582275,0.31206959779496757,0.14993167006339106,-0.6199341874048961,2.407377583931219,0.17259410391486618,-0.44272505218466185,0.15161882736063023,0.025426702611634773,0.18780254789108838,-1.593717015351033,1.2919466965668656,1.3488294204391502,1.4703207720364857,0.3254317585362977,0.6624810601645157,-0.8662269480072499,1.0
65725,3172.1223721621177,0.8328993285973896,0.25178770689393903,-0.46040661563924223,0.8647446916408404,0.9034490360911002,0.060608835674933005,0.4383825801284031,-1.0317170119335606,1.2431834372143582,-0.8988131880349017,-0.7054256480791758,0.06231564543053688,1.1145162842184595,1.113948633215661,-0.004824621905130248,0.7730133622538113,-1.689058449328896,-0.7193199901295528,-0.6989504394636011,1.2522129097598176,0.6546541629080077,0.18465277590460072,0.281735063829374,1.5683392760301245,-0.1701796665065516,-1.3140673085340397,1.0871951843953045,0.18183903720506076,0.0
66557,3403.8465523222794,0.953671678165781,-0.044764807386507684,-0.8386895237038932,0.4028217210829767,0.010175070741430444,0.18494228287440923,1.6165704941174162,-1.0987024773847005,0.2859186604759825,-0.8189966901586768,-2.590545973120058,-0.0489651890222238,0.031022936999807037,0.6235221029507587,-0.21754074858394365,-1.4890003551239719,-0.8224315772548629,1.3169588366867038,-0.8366279292906311,1.5832255296925064,1.0499842925713831,-0.31778060433606964,-0.7290791631026989,1.0479129691305784,-0.24091124509361989,-1.5456501396999585,0.5623166206232582,0.4172634478581861,0.0
66803,2655.141982002365,1.137706202714778,0.3495949993602971,-0.5491469770457174,1.269678839602134,1.3669904326788433,0.23320596398520743,0.060321914532972226,-1.323271023105105,-0.6075263423464762,0.7607696419593537,-0.5572803003627007,-1.4568378693933226,3.495877789600099,-1.4634059584266885,2.2567513964341175,-0.30742344459825993,-0.08456299914380815,-0.6722782721875988,0.7828371647378921,-1.4397742131100844,-1.840329036234172,1.6101715293786063,-0.8039723988069778,0.7460881195396843,-1.085456076896216,0.7084210428945821,1.68354649877845,-0.5271213854151164,0.0
67121,2239.468039700885,-1.9334411067859811,1.688793913309905,0.9262443215248913,-0.4735712337713081,-0.21795205326864608,-1.110652196249686,1.42025693244196,-0.5347156078106451,-1.4187085375474735,0.21364588151247146,-0.8600133615785398,-1.030014575863108,-0.4300992037619455,0.08635531550037072,-1.381109755914747,1.3851489252123237,0.6771597120657875,-0.36536299077273116,-0.9033434862969979,-0.08922545291666428,0.8994350407557219,0.7445840271996791,1.058504300451178,-0.48037749098032195,-2.924925179196677,1.247811197916247,-0.16719614307235198,0.666166065471662,0.0
67221,2764.9125522675686,1.669228754640302,2.4344086332376818,-0.6498214781408206,0.1339599071656446,1.3668364606054457,-0.8442790185229957,-0.5821115937904281,-0.588038578458875,-0.02809031340802223,-0.22012368028997004,-0.5937953222563245,-0.9657574156062594,0.8119403283952916,1.337831020966117,1.4827147941724148,-0.48107355738448426,0.8537246722572774,0.23632590272777546,-0.5706713486133254,0.734218218708196,-0.6166050540454969,-0.37617660278168846,-1.3767297025036298,-0.4642210974332259,0.25386120901458487,1.5689344956774955,-0.35349544620168666,-1.0381691470869339,0.0
67435,2963.8909226730884,1.497368970934125,-0.5045524370842177,-1.748381656140865,0.13309373513678405,-0.3247734732791751,2.3003956426851713,0.4753660343472122,-0.14634235365483608,-0.9244972092556034,0.33016684119296735,1.4567099500617942,0.3118141834772605,-0.8474296921179458,0.538806211751954,-0.0486068948728155,0.4486131033181622,-0.3548073501842204,-0.378295274261212,-0.4177797974317798,0.9422381514973616,-0.3682252752410914,-0.45973073137422704,-0.9420659015623665,0.4540138017167675,0.31170180213121856,-0.44876822448863096,-0.7093787075578609,1.876173413227712,1.0
67563,405.1857783372435,-1.880443055124838,0.49317200320172117,1.2914035482160082,-3.3868137614883,0.7941400600761793,-0.2202546014960882,0.2560548642832593,-0.32323796452209,1.075393445646077,0.3631193416713573,0.1317198895343158,-0.8988606069585929,1.8822922338341885,0.009931019733270987,2.289805797460459,1.927569385178195,-1.7783509672653808,-0.6549459608026902,-1.0369510059749418,-0.04820608148706246,0.18716402048616199,0.22992646789343035,1.0541286760189787,1.4935827693088695,0.9674877492386388,-0.5609352142237467,-0.7820238651074395,0.00276183588393645,0.0
67969,1848.902625850961,0.4261195264046615,-0.18319134571712223,-1.3454848362522223,0.6820595085768006,-0.39231476873390336,-0.42251273442204323,-0.05461267405809275,-0.23989891708016095,-0.3665010555121015,-1.2801253069331895,-0.11224746695165881,0.7029537919068678,0.264644005121289,0.9481214391006447,-0.7285450223200068,-1.2780584791178016,-0.2458499789779966,-0.614236618548697,-0.510334983207748,0.21174971808112725,-0.5030805391046554,-1.2500684892063942,-0.5589947278819981,0.3400593668608015,0.6714806010069174,0.661422784083347,0.4244730942479096,-0.16809346596524435,0.0
68148,1211.557531448852,0.4049140989591295,-0.042335658198237126,0.1130961378202375,-0.9393267378659398,0.0438749637607155,0.3786662342514116,0.3411273134397087,-1.2875190260592986,0.09626077640338242,-1.4438895774639133,0.17367664613852624,-0.701337191602714,1.705642942525445,0.11924332929589004,0.8011640198239227,2.11087263702428,-0.817401811088721,0.4356749109059113,-1.1859110092328462,0.34489700824991926,1.765709266450403,-0.6278832144417893,-0.8859543132945961,-0.09117423351856317,2.0458172880882857,0.771038919953255,-0.9049146520560105,1.455060582481769,0.0
69092,4015.8956421430994,-1.6550629923331868,2.136559128802725,0.856450680015159,1.763557440006718,-1.6477981083840352,0.1694418308596864,-0.13388892656571572,-1.006979473446641,-1.2960236202513922,0.5070812587595488,0.597731708113624,1.2999740467257528,-0.5034210533268308,-0.14160981015580998,-1.3824599249460918,1.540785811994749,0.0695480877572431,0.7225885016201056,0.7579053961110119,1.459107157301978,-0.8313994672674534,0.6975866003471783,-0.025008706309041482,2.1056770663406312,-0.8343641789960169,1.1714263477638722,0.35034177922839693,0.29785609420602127,0.0
69479,2352.032871595746,0.054020726047489774,1.3466658228367874,0.2638517010739347,-1.524415338120977,1.219503568712245,1.036201832131722,0.5871376842128475,-1.1284736297475466,-0.9731153602213203,-1.877442885236109,0.4603298731798137,-1.3495488481743696,-1.7187508928621646,1.2749891193000438,0.768179564462847,-0.33317166483092703,-0.13404658325719543,-2.407344206983942,0.9167449190592203,-0.6927314644886842,0.33029086313314077,-2.488562261791484,0.9775680321615458,-0.7528447693857241,-1.3760422637893543,-0.33960163448836717,-0.596395217935485,1.0742676129098663,0.0
71211,4917.13228133332,-0.4203951223616271,1.3626170266133677,0.33014261578907306,0.8943678872123748,-0.002166453227886297,1.2720589823398831,-1.153623990282676,0.11362445749432701,-0.39643582943141487,1.3966284795073118,1.4990344046594257,0.0004212592371184664,-1.2915111010958051,0.42709731679166757,-1.6646097350337665,1.6261427987831114,-0.4731700706360385,-0.030570163417495192,-0.6809510758067541,-0.9017815867008206,0.7372913165470523,-0.1586166770513216,0.042482538923175224,-1.0038910792188394,0.8560592234970398,0.9577897351368669,-0.20892848687957735,1.2679221333318873,0.0
71932,1994.7233877803208,-0.10412415422452258,0.7797554962888209,-1.6229275808300976,0.35343086648641237,-0.2714814676069348,0.15552242595499616,0.11068240565582617,0.12569982217698403,0.6157007293625533,-0.5651736316059788,0.5690792595356432,1.2325248831179065,-1.4101410049803234,-0.7805400982293256,-0.7385354255011861,-1.0920457994509594,-0.4746977696370589,1.0331185153998403,1.4475869245124284,0.10617496974650213,-0.3242360108482005,0.8029239690806602,-2.36396849425218,-1.0551784721031583,-2.3216304066999154,-1.0656997173554419,-0.7670175269020002,1.4776818779376781,0.0
72409,4082.3429342237005,-2.7610619661559896,-0.4167026002343339,0.6195664721781072,0.4107306632690933,1.4617381335348938,0.16105147859658853,0.37427818048114503,-1.8385068318025504,-0.9882688581768089,-1.7827047434480237,0.5726081079140996,0.34869045175724583,0.31353796728351535,-0.8814336084580743,-0.9729497793166654,0.20944693229641737,-0.6693860527711348,-1.0204045638322368,-0.5083893712580683,-0.6607420360353083,-0.8667229746284533,-1.225767816757602,0.4486897683389067,1.556049439477057,-0.039004200618653756,0.2224341369699279,0.5363778526017037,0.36656575719312195,0.0
73969,3991.927279797771,-0.8469123283169792,1.7198462111025852,-0.7573105136779609,0.6480883646604091,0.5301913073429116,-1.9584415421346377,-0.35884641691291935,0.05662845181217025,0.13315121142428596,0.301420515516767,0.7576628729399759,-0.007515364270778083,0.354617568017944,-0.044954586772383044,-1.0173336567547735,0.03240144136967392,0.7490898442530696,1.108788382475365,0.5373156575442041,1.3343503259492993,0.41886474740898055,0.8638798216688371,0.937391149279786,-0.2233505408837356,0.7260034325676684,-0.9406448976409142,0.34981234254886373,0.5770258266684529,0.0
74065,754.4370022831819,1.0510951206993302,0.8207593039813063,1.0641141833347134,-0.09938033012642304,-0.3453931546700472,-0.2748987578856162,0.2662837304486303,-1.8087470156422523,1.3317569703945535,0.0438733598289749,-0.41500158233511925,-2.5297162106054607,-0.036813506178282614,-0.19847651507575567,-0.897046430645255,-0.6730468451270122,-0.026636644445163456,-0.588236459587683,0.5718780661783558,-0.7487835886440163,0.1546084295207779,1.18004536881117,-0.036595862562551394,0.35597712395974557,0.2926513874005982,0.00799689961726585,-0.06700714194351028,-0.5713742214499119,0.0
76552,2541.4856849268526,0.15101229055781942,-0.28326750883946716,1.546090168234707,0.8111432591099114,-1.452795895888346,-1.3971579982180775,-0.13045986903936505,-0.39530547743974637,-0.18319391822192532,0.6511614606523132,0.3157358988773569,0.3056292304581544,1.4461946654953937,-1.3888915541730793,0.10393883414889918,-0.579052547947254,1.435435785839352,-2.209351605823344,-2.1654815857130014,0.3046362963480508,1.126296559324147,0.7732543213170501,-0.8009807933177084,1.5064217220015799,-1.2314687485942084,1.3074841895433447,-1.0992282503581436,-0.3518241723372218,0.0
76820,3479.3682211476184,0.6392695378569174,-1.466207830896165,1.4690233975407674,-0.35794383140131436,0.13727613567828928,1.1622007890407522,-0.7931253451671499,1.0608136862553892,1.6405335708923698,-0.655578997329579,1.3693876725962943,-1.760578594241603,0.389600394794567,-1.2285985157038086,0.9425685485361891,0.8604560484222035,2.0773799955912433,1.4212829829524993,-0.16577119760145495,-1.0817474872988404,0.56568707966939,-0.0607314103854932,1.5511550445957039,-2.1663808434157783,2.188056759288627,0.5319906076118036,-0.8130121217203724,0.7339892274185661,0.0
77189,4291.935665263785,1.2974214212897037,0.11434689130368872,-1.7649203841448429,-0.29384703634710596,1.039395053042138,0.49666473422737467,-0.15650703083537273,1.3083158308914355,0.7393058408322967,0.8163391559383438,-0.41063469198080127,-0.5073836817460986,-1.6999597206830213,-0.25939175593725616,0.935392053798128,-0.2040932970155869,0.4455388465290052,1.1111993566532803,0.3728329917986322,0.4705147617608019,-1.3578224620375543,-0.32256478410197714,1.726626506496595,0.10379718109609347,1.8967381819965747,-0.7231156306389472,0.23394745213453977,-0.38267843755186814,0.0
78953,1630.4685671042218,0.5919846851245532,0.8950086680601209,0.6024660957009005,1.0418521437480288,-0.013172988522326835,-0.19052836766367762,-1.7581930072759717,0.6384509351645649,0.17218409224015727,-0.06791473756253315,-0.19081740545434528,-0.03687956134379011,-0.23623613149791714,-0.5280338385633047,0.23958888072416873,0.48415911893295277,-0.7705679143861808,-0.40073556918739084,-0.20462175126486848,0.004813307376784878,-0.12818546958576715,0.6597211996563939,-1.6523670157038093,-1.475037198340117,0.19356939925357777,-0.6026858478277888,0.8842423057738108,1.1698009525885504,0.0
80038,1101.9849967801758,0.23374717642291024,-1.0719749162741792,1.0545935162270592,0.1989026621503274,-1.4869359725271176,-1.3985196480651843,1.5169467897086448,1.3511359132612295,-2.517143142096245,-1.3577908952578768,1.1408554956216552,-0.01849258839304812,0.7018492854920929,-0.06195274609809678,0.6544924900712037,0.005833546665433634,-0.4376082567569663,1.0587438299148093,0.20205461602564603,0.6523887162435664,0.15744792496076662,-0.48635689354981293,1.6083893113571923,0.3549682547576656,-0.35504864437215156,1.278329470318716,-1.3208237738789572,2.2362836507959862,0.0
80077,3556.036512657651,-0.1791497576634285,-1.2680142073833764,1.905941348457565,-0.46316761307279136,0.24324456985562717,0.7176907414394635,1.1841725276601456,0.2997745637215646,-0.6473154083300372,0.21899252333399247,-0.4193155453317213,0.2490116763645237,1.6281495457568582,0.7559251916437938,0.20664643809833885,0.7384908326063404,0.8100806519091857,-1.0778741029687253,0.04172271121569786,2.562527659332516,1.2128209850318663,-0.5034355591611999,-0.6032078961176216,-0.6365257231756023,0.8663199502620572,1.6076409211162175,0.5821670444800581,0.15716234986881794,0.0
82386,4047.6957296524374,-0.44415535763277153,0.32937314558352676,-0.8201217200962095,-1.9357655472112385,1.636825690112449,-1.0058126703621093,-0.32483237366931933,0.6563574506292909,1.4344668693460538,0.25713065241862126,-1.1937109876608283,-0.30134644969155117,-0.6784854050250794,-0.03821102747132102,1.2319844712696357,-2.537388596069884,-0.41138983002749074,-0.4840496363870183,-1.2567613448956396,0.5854907437496162,-1.4149758718760481,-1.2998942792963248,0.8510692140206136,1.5005713689626685,-0.07609676861195927,-1.217396118989266,-0.7055540917782499,1.008001947245045,0.0
82798,1743.9812704713552,0.11643824066339366,-0.1010387768819228,0.31304970991314623,-0.03765994352544069,1.5457122976592172,-0.749143264693601,-0.8639591168352135,-1.383453518068656,-0.5399876357256903,-1.0919754746661545,0.2180755086527237,0.020947365525143383,-1.0790755000679764,0.5891393590279725,1.5168128671298737,0.3578383486710236,-2.5434981829554735,1.9871309706701052,0.7469234690710594,1.9564182531884509,1.0907235861498341,1.290515418870559,0.20526689360108463,-0.2622960121898327,0.37348118773216055,-0.7087850802465393,0.43388085090023226,-2.6267862573507106,0.0
83104,481.7865789060124,0.04293224521441284,1.3446761201021329,0.09430857892896574,1.7274827380309878,-0.2637453878486052,1.0026509129878278,-0.878270073673366,0.9619566195553785,0.2325949082278164,-0.21975049584272882,-2.57388211506442,-0.2543767758055499,0.21345301927981047,0.8287094352199172,1.5609497990990675,2.035032701365911,1.2462673431229843,-0.5620903253041943,-0.304804089517739,0.7389154710436832,0.5196144598478016,1.6283459593913616,2.4793894187099115,2.2671801950982227,1.4939381997983447,0.5279026489428972,1.3493250629458442,1.661441013728396,1.0
84478,4702.67579918353,-0.14730039725501845,-0.5326609725087593,-0.7674210000716748,-0.8763847334453033,-1.3819953225931907,0.24990170911772747,-0.9997528010881317,-0.7835221841353823,0.7012555591767271,0.18160906625350978,0.42962494063367457,1.3651487618920815,0.8645299085407953,1.518886581452663,0.07997649477807062,1.6117905913123958,0.3597367643574598,0.16870626109520295,1.4615262062765033,-0.872153679193295,2.0236005675424753,-0.2821000200372859,-1.2181079715493217,0.6535019520558621,-0.37732151011826054,2.0258070919112505,-0.4329008187851472,0.314448917351962,0.0
84654,1988.4625334165241,-1.425593315478103,0.8129142448974712,-0.7773900758589046,0.6933246903326009,-0.4283452397058618,-2.0469346867227998,0.13119009034388346,0.08642851707843523,0.8810715736226133,1.556000571839204,1.9124094099167985,0.864154213470886,0.27861919206591823,-1.4273335895154653,0.2020209369900072,0.21494016993893264,-0.198640259656028,0.6329676506008086,1.1219057109821344,-0.8184039305286839,-0.8339843541994671,-0.13929201177662912,-0.6152291907079231,-1.641253202359863,-0.9965927363229516,-1.2323211470374407,1.2084505080181531,1.7028270060092783,0.0
85305,2589.239001286873,-1.0954334572945867,0.5460735131371113,0.8735164244697508,-1.4922687866598638,0.1609789471789995,2.533516165346526,0.6771468663576308,-0.24530054133253051,-0.560186525218209,-2.0224615847208947,0.47047365611673203,1.9478167872543153,-0.8135437543979207,-1.9355846795170613,-0.6642241813532244,0.8815997459782084,-0.42850000482208533,-0.8204680929130882,0.019154915057859004,0.22970074716785507,-1.3883901407716945,-0.2172836969368236,-0.4972676139223384,-0.6409043492480827,-1.0170366693914479,0.9412578547947976,-0.644386928798028,-1.9949452858132852,0.0
